month,channel,product_line,region,stock_units,marketing_budget,planned_discount,list_price,campaign,days_in_month
2026-07,store,urban,coast,237,2125.42,0.122,463.3,summer,31
2026-07,store,urban,inland,112,1678.4,0.13,463.3,summer,31
2026-07,store,urban,metro,244,5030.46,0.173,463.3,summer,31
2026-07,store,mountain,coast,136,4654.44,0.145,761.14,summer,31
2026-07,store,mountain,inland,130,4533.96,0.133,761.14,summer,31
2026-07,store,mountain,metro,108,4036.48,0.123,761.14,summer,31
2026-07,store,electric,coast,113,2647.42,0.164,1632.58,summer,31
2026-07,store,electric,inland,45,3087.83,0.151,1632.58,summer,31
2026-07,store,electric,metro,117,2665.24,0.152,1632.58,summer,31
2026-07,ecommerce,urban,coast,336,3700.49,0.106,463.3,summer,31
2026-07,ecommerce,urban,inland,159,3024.32,0.163,463.3,summer,31
2026-07,ecommerce,urban,metro,250,2247.49,0.075,463.3,none,31
2026-07,ecommerce,mountain,coast,213,4183.51,0.151,761.14,summer,31
2026-07,ecommerce,mountain,inland,117,3423.98,0.118,761.14,summer,31
2026-07,ecommerce,mountain,metro,246,3623.25,0.163,761.14,summer,31
2026-07,ecommerce,electric,coast,122,3302.11,0.151,1632.58,summer,31
2026-07,ecommerce,electric,inland,85,3707.48,0.137,1632.58,summer,31
2026-07,ecommerce,electric,metro,181,2100.73,0.056,1632.58,none,31
